{"cameraMode":{"drawMode":0,"name":"Shaded","section":"Shading Mode"},"sceneLighting":true,"audioPlay":false,"sceneViewState":{"showFog":true,"showMaterialUpdate":false,"showSkybox":true,"showFlares":true,"showImageEffects":true,"showParticleSystems":true,"showVisualEffectGraphs":true,"m_FxEnabled":true},"in2DMode":false,"pivot":{"x":-1.6438419818878174,"y":0.44711458683013918,"z":0.22436082363128663},"rotation":{"x":0.22886110842227937,"y":0.05690379813313484,"z":-0.013405023142695427,"w":0.971705973148346},"size":3.86602520942688,"orthographic":false}